"producto_id","producto","variante_id","variante","categorias","tipo","clase","sku_sugerido","grupo_decision","motivo","componentes_faltantes","evidencia"
"44","SET DELUXE DE BELGRANO","101","{""MODELO DE MATE"":""IMPERIAL DE ALGARROBO""}","SETS / SETS PARRILLEROS","combo","C","MB-IMP-ALG + MB-TABLA + MB-CUC-INOX","caja_regalo_deluxe","Mate, tabla 20×30 y cuchillo identificados; la caja de regalo premium incluida no tiene SKU físico ni abastecimiento confirmado.","Caja de regalo premium MateBreak: crear SKU y definir si se controla por stock o a pedido","🎁 ¡REGALO INCLUIDO: con la compra de TU SET, te mandamos nuestra CAJA DE REGALO PREMIUM MATEBREAK! 🤟🧉 | Incluye un mate IMPERIAL PREMIUM grabado, un CUCHILLO personalizado y una TABLA GRABADA (20x30cm) TODO con el dis"
"44","SET DELUXE DE BELGRANO","102","{""MODELO DE MATE"":""IMPERIAL DE CALABAZA""}","SETS / SETS PARRILLEROS","combo","C","MB-IMP-CAL + MB-TABLA + MB-CUC-INOX","caja_regalo_deluxe","Mate, tabla 20×30 y cuchillo identificados; la caja de regalo premium incluida no tiene SKU físico ni abastecimiento confirmado.","Caja de regalo premium MateBreak: crear SKU y definir si se controla por stock o a pedido","🎁 ¡REGALO INCLUIDO: con la compra de TU SET, te mandamos nuestra CAJA DE REGALO PREMIUM MATEBREAK! 🤟🧉 | Incluye un mate IMPERIAL PREMIUM grabado, un CUCHILLO personalizado y una TABLA GRABADA (20x30cm) TODO con el dis"
"45","SET DELUXE DE CENTRAL","103","{""MODELO DE MATE"":""IMPERIAL DE ALGARROBO""}","SETS / SETS PARRILLEROS","combo","C","MB-IMP-ALG + MB-TABLA + MB-CUC-INOX","caja_regalo_deluxe","Mate, tabla 20×30 y cuchillo identificados; la caja de regalo premium incluida no tiene SKU físico ni abastecimiento confirmado.","Caja de regalo premium MateBreak: crear SKU y definir si se controla por stock o a pedido","🎁 ¡REGALO INCLUIDO: con la compra de TU SET, te mandamos nuestra CAJA DE REGALO PREMIUM MATEBREAK! 🤟🧉 | Incluye un mate IMPERIAL PREMIUM grabado, un CUCHILLO personalizado y una TABLA GRABADA (20x30cm) TODO con el dis"
"45","SET DELUXE DE CENTRAL","104","{""MODELO DE MATE"":""IMPERIAL DE CALABAZA""}","SETS / SETS PARRILLEROS","combo","C","MB-IMP-CAL + MB-TABLA + MB-CUC-INOX","caja_regalo_deluxe","Mate, tabla 20×30 y cuchillo identificados; la caja de regalo premium incluida no tiene SKU físico ni abastecimiento confirmado.","Caja de regalo premium MateBreak: crear SKU y definir si se controla por stock o a pedido","🎁 ¡REGALO INCLUIDO: con la compra de TU SET, te mandamos nuestra CAJA DE REGALO PREMIUM MATEBREAK! 🤟🧉 | Incluye un mate IMPERIAL PREMIUM grabado, un CUCHILLO personalizado y una TABLA GRABADA (20x30cm) TODO con el dis"
"46","SET DELUXE DE ESTUDIANTES","105","{""MODELO DE MATE"":""IMPERIAL DE ALGARROBO""}","SETS / SETS PARRILLEROS","combo","C","MB-IMP-ALG + MB-TABLA + MB-CUC-INOX","caja_regalo_deluxe","Mate, tabla 20×30 y cuchillo identificados; la caja de regalo premium incluida no tiene SKU físico ni abastecimiento confirmado.","Caja de regalo premium MateBreak: crear SKU y definir si se controla por stock o a pedido","🎁 ¡REGALO INCLUIDO: con la compra de TU SET, te mandamos nuestra CAJA DE REGALO PREMIUM MATEBREAK! 🤟🧉 | Incluye un mate IMPERIAL PREMIUM grabado con el escudo del club, un CUCHILLO personalizado y una TABLA GRABADA (2"
"46","SET DELUXE DE ESTUDIANTES","106","{""MODELO DE MATE"":""IMPERIAL DE CALABAZA""}","SETS / SETS PARRILLEROS","combo","C","MB-IMP-CAL + MB-TABLA + MB-CUC-INOX","caja_regalo_deluxe","Mate, tabla 20×30 y cuchillo identificados; la caja de regalo premium incluida no tiene SKU físico ni abastecimiento confirmado.","Caja de regalo premium MateBreak: crear SKU y definir si se controla por stock o a pedido","🎁 ¡REGALO INCLUIDO: con la compra de TU SET, te mandamos nuestra CAJA DE REGALO PREMIUM MATEBREAK! 🤟🧉 | Incluye un mate IMPERIAL PREMIUM grabado con el escudo del club, un CUCHILLO personalizado y una TABLA GRABADA (2"
"47","SET DELUXE DE INDEPENDIENTE","107","{""MODELO DE MATE"":""IMPERIAL DE ALGARROBO""}","SETS / SETS PARRILLEROS","combo","C","MB-IMP-ALG + MB-TABLA + MB-CUC-INOX","caja_regalo_deluxe","Mate, tabla 20×30 y cuchillo identificados; la caja de regalo premium incluida no tiene SKU físico ni abastecimiento confirmado.","Caja de regalo premium MateBreak: crear SKU y definir si se controla por stock o a pedido","🎁 ¡REGALO INCLUIDO: con la compra de TU SET, te mandamos nuestra CAJA DE REGALO PREMIUM MATEBREAK! 🤟🧉 | Incluye un mate IMPERIAL PREMIUM grabado con el escudo del club, un CUCHILLO personalizado y una TABLA GRABADA (2"
"47","SET DELUXE DE INDEPENDIENTE","108","{""MODELO DE MATE"":""IMPERIAL DE CALABAZA""}","SETS / SETS PARRILLEROS","combo","C","MB-IMP-CAL + MB-TABLA + MB-CUC-INOX","caja_regalo_deluxe","Mate, tabla 20×30 y cuchillo identificados; la caja de regalo premium incluida no tiene SKU físico ni abastecimiento confirmado.","Caja de regalo premium MateBreak: crear SKU y definir si se controla por stock o a pedido","🎁 ¡REGALO INCLUIDO: con la compra de TU SET, te mandamos nuestra CAJA DE REGALO PREMIUM MATEBREAK! 🤟🧉 | Incluye un mate IMPERIAL PREMIUM grabado con el escudo del club, un CUCHILLO personalizado y una TABLA GRABADA (2"
"48","SET DELUXE DE LA ACADEMIA","109","{""MODELO DE MATE"":""IMPERIAL DE ALGARROBO""}","SETS / SETS PARRILLEROS","combo","C","MB-IMP-ALG + MB-TABLA + MB-CUC-INOX","caja_regalo_deluxe","Mate, tabla 20×30 y cuchillo identificados; la caja de regalo premium incluida no tiene SKU físico ni abastecimiento confirmado.","Caja de regalo premium MateBreak: crear SKU y definir si se controla por stock o a pedido","🎁 ¡REGALO INCLUIDO: con la compra de TU SET, te mandamos nuestra CAJA DE REGALO PREMIUM MATEBREAK! 🤟🧉 | Incluye un mate IMPERIAL PREMIUM grabado con el escudo del club, un CUCHILLO personalizado y una TABLA GRABADA (2"
"48","SET DELUXE DE LA ACADEMIA","110","{""MODELO DE MATE"":""IMPERIAL DE CALABAZA""}","SETS / SETS PARRILLEROS","combo","C","MB-IMP-CAL + MB-TABLA + MB-CUC-INOX","caja_regalo_deluxe","Mate, tabla 20×30 y cuchillo identificados; la caja de regalo premium incluida no tiene SKU físico ni abastecimiento confirmado.","Caja de regalo premium MateBreak: crear SKU y definir si se controla por stock o a pedido","🎁 ¡REGALO INCLUIDO: con la compra de TU SET, te mandamos nuestra CAJA DE REGALO PREMIUM MATEBREAK! 🤟🧉 | Incluye un mate IMPERIAL PREMIUM grabado con el escudo del club, un CUCHILLO personalizado y una TABLA GRABADA (2"
"49","SET DELUXE DE LANUS","111","{""MODELO DE MATE"":""IMPERIAL DE ALGARROBO""}","SETS / SETS PARRILLEROS","combo","C","MB-IMP-ALG + MB-TABLA + MB-CUC-INOX","caja_regalo_deluxe","Mate, tabla 20×30 y cuchillo identificados; la caja de regalo premium incluida no tiene SKU físico ni abastecimiento confirmado.","Caja de regalo premium MateBreak: crear SKU y definir si se controla por stock o a pedido","🎁 ¡REGALO INCLUIDO: con la compra de TU SET, te mandamos nuestra CAJA DE REGALO PREMIUM MATEBREAK! 🤟🧉 | Incluye un mate IMPERIAL PREMIUM grabado con el escudo del club, un CUCHILLO personalizado y una TABLA GRABADA (2"
"49","SET DELUXE DE LANUS","112","{""MODELO DE MATE"":""IMPERIAL DE CALABAZA""}","SETS / SETS PARRILLEROS","combo","C","MB-IMP-CAL + MB-TABLA + MB-CUC-INOX","caja_regalo_deluxe","Mate, tabla 20×30 y cuchillo identificados; la caja de regalo premium incluida no tiene SKU físico ni abastecimiento confirmado.","Caja de regalo premium MateBreak: crear SKU y definir si se controla por stock o a pedido","🎁 ¡REGALO INCLUIDO: con la compra de TU SET, te mandamos nuestra CAJA DE REGALO PREMIUM MATEBREAK! 🤟🧉 | Incluye un mate IMPERIAL PREMIUM grabado con el escudo del club, un CUCHILLO personalizado y una TABLA GRABADA (2"
"50","SET DELUXE DE SAN LORENZO","113","{""MODELO DE MATE"":""IMPERIAL DE ALGARROBO""}","SETS / SETS PARRILLEROS","combo","C","MB-IMP-ALG + MB-TABLA + MB-CUC-INOX","caja_regalo_deluxe","Mate, tabla 20×30 y cuchillo identificados; la caja de regalo premium incluida no tiene SKU físico ni abastecimiento confirmado.","Caja de regalo premium MateBreak: crear SKU y definir si se controla por stock o a pedido","🎁 ¡REGALO INCLUIDO: con la compra de TU SET, te mandamos nuestra CAJA DE REGALO PREMIUM MATEBREAK! 🤟🧉 | Incluye un mate IMPERIAL PREMIUM grabado, un CUCHILLO personalizado y una TABLA GRABADA (20x30cm) TODO con el dis"
"50","SET DELUXE DE SAN LORENZO","114","{""MODELO DE MATE"":""IMPERIAL DE CALABAZA""}","SETS / SETS PARRILLEROS","combo","C","MB-IMP-CAL + MB-TABLA + MB-CUC-INOX","caja_regalo_deluxe","Mate, tabla 20×30 y cuchillo identificados; la caja de regalo premium incluida no tiene SKU físico ni abastecimiento confirmado.","Caja de regalo premium MateBreak: crear SKU y definir si se controla por stock o a pedido","🎁 ¡REGALO INCLUIDO: con la compra de TU SET, te mandamos nuestra CAJA DE REGALO PREMIUM MATEBREAK! 🤟🧉 | Incluye un mate IMPERIAL PREMIUM grabado, un CUCHILLO personalizado y una TABLA GRABADA (20x30cm) TODO con el dis"
"51","SET DELUXE DE TALLERES","115","{""MODELO DE MATE"":""IMPERIAL DE ALGARROBO""}","SETS / SETS PARRILLEROS","combo","C","MB-IMP-ALG + MB-TABLA + MB-CUC-INOX","caja_regalo_deluxe","Mate, tabla 20×30 y cuchillo identificados; la caja de regalo premium incluida no tiene SKU físico ni abastecimiento confirmado.","Caja de regalo premium MateBreak: crear SKU y definir si se controla por stock o a pedido","🎁 ¡REGALO INCLUIDO: con la compra de TU SET, te mandamos nuestra CAJA DE REGALO PREMIUM MATEBREAK! 🤟🧉 | Incluye un mate IMPERIAL PREMIUM grabado, un CUCHILLO personalizado y una TABLA GRABADA (20x30cm) TODO con el dis"
"51","SET DELUXE DE TALLERES","116","{""MODELO DE MATE"":""IMPERIAL DE CALABAZA""}","SETS / SETS PARRILLEROS","combo","C","MB-IMP-CAL + MB-TABLA + MB-CUC-INOX","caja_regalo_deluxe","Mate, tabla 20×30 y cuchillo identificados; la caja de regalo premium incluida no tiene SKU físico ni abastecimiento confirmado.","Caja de regalo premium MateBreak: crear SKU y definir si se controla por stock o a pedido","🎁 ¡REGALO INCLUIDO: con la compra de TU SET, te mandamos nuestra CAJA DE REGALO PREMIUM MATEBREAK! 🤟🧉 | Incluye un mate IMPERIAL PREMIUM grabado, un CUCHILLO personalizado y una TABLA GRABADA (20x30cm) TODO con el dis"
"52","SET DELUXE DE VELEZ","117","{""MODELO DE MATE"":""IMPERIAL DE ALGARROBO""}","SETS / SETS PARRILLEROS","combo","C","MB-IMP-ALG + MB-TABLA + MB-CUC-INOX","caja_regalo_deluxe","Mate, tabla 20×30 y cuchillo identificados; la caja de regalo premium incluida no tiene SKU físico ni abastecimiento confirmado.","Caja de regalo premium MateBreak: crear SKU y definir si se controla por stock o a pedido","🎁 ¡REGALO INCLUIDO: con la compra de TU SET, te mandamos nuestra CAJA DE REGALO PREMIUM MATEBREAK! 🤟🧉 | Incluye un mate IMPERIAL PREMIUM grabado, un CUCHILLO personalizado y una TABLA GRABADA (20x30cm) TODO con el dis"
"52","SET DELUXE DE VELEZ","118","{""MODELO DE MATE"":""IMPERIAL DE CALABAZA""}","SETS / SETS PARRILLEROS","combo","C","MB-IMP-CAL + MB-TABLA + MB-CUC-INOX","caja_regalo_deluxe","Mate, tabla 20×30 y cuchillo identificados; la caja de regalo premium incluida no tiene SKU físico ni abastecimiento confirmado.","Caja de regalo premium MateBreak: crear SKU y definir si se controla por stock o a pedido","🎁 ¡REGALO INCLUIDO: con la compra de TU SET, te mandamos nuestra CAJA DE REGALO PREMIUM MATEBREAK! 🤟🧉 | Incluye un mate IMPERIAL PREMIUM grabado, un CUCHILLO personalizado y una TABLA GRABADA (20x30cm) TODO con el dis"
"53","SET DELUXE DEL MILLONARIO","119","{""MODELO DE MATE"":""IMPERIAL DE ALGARROBO""}","SETS / SETS PARRILLEROS","combo","C","MB-IMP-ALG + MB-TABLA + MB-CUC-INOX","caja_regalo_deluxe","Mate, tabla 20×30 y cuchillo identificados; la caja de regalo premium incluida no tiene SKU físico ni abastecimiento confirmado.","Caja de regalo premium MateBreak: crear SKU y definir si se controla por stock o a pedido","🎁 ¡REGALO INCLUIDO: con la compra de TU SET, te mandamos nuestra CAJA DE REGALO PREMIUM MATEBREAK! 🤟🧉 | Incluye un mate IMPERIAL PREMIUM grabado , un CUCHILLO personalizado y una TABLA GRABADA (20x30cm) TODO con el di"
"53","SET DELUXE DEL MILLONARIO","120","{""MODELO DE MATE"":""IMPERIAL DE CALABAZA""}","SETS / SETS PARRILLEROS","combo","C","MB-IMP-CAL + MB-TABLA + MB-CUC-INOX","caja_regalo_deluxe","Mate, tabla 20×30 y cuchillo identificados; la caja de regalo premium incluida no tiene SKU físico ni abastecimiento confirmado.","Caja de regalo premium MateBreak: crear SKU y definir si se controla por stock o a pedido","🎁 ¡REGALO INCLUIDO: con la compra de TU SET, te mandamos nuestra CAJA DE REGALO PREMIUM MATEBREAK! 🤟🧉 | Incluye un mate IMPERIAL PREMIUM grabado , un CUCHILLO personalizado y una TABLA GRABADA (20x30cm) TODO con el di"
"54","SET DELUXE DEL XENEIZE","121","{""MODELO DE MATE"":""IMPERIAL DE ALGARROBO""}","SETS / SETS PARRILLEROS","combo","C","MB-IMP-ALG + MB-TABLA + MB-CUC-INOX","caja_regalo_deluxe","Mate, tabla 20×30 y cuchillo identificados; la caja de regalo premium incluida no tiene SKU físico ni abastecimiento confirmado.","Caja de regalo premium MateBreak: crear SKU y definir si se controla por stock o a pedido","🎁 ¡REGALO INCLUIDO: con la compra de TU SET, te mandamos nuestra CAJA DE REGALO PREMIUM MATEBREAK! 🤟🧉 | Incluye un mate IMPERIAL PREMIUM grabado, un CUCHILLO personalizado y una TABLA GRABADA (20x30cm) TODO con el dis"
"54","SET DELUXE DEL XENEIZE","122","{""MODELO DE MATE"":""IMPERIAL DE CALABAZA""}","SETS / SETS PARRILLEROS","combo","C","MB-IMP-CAL + MB-TABLA + MB-CUC-INOX","caja_regalo_deluxe","Mate, tabla 20×30 y cuchillo identificados; la caja de regalo premium incluida no tiene SKU físico ni abastecimiento confirmado.","Caja de regalo premium MateBreak: crear SKU y definir si se controla por stock o a pedido","🎁 ¡REGALO INCLUIDO: con la compra de TU SET, te mandamos nuestra CAJA DE REGALO PREMIUM MATEBREAK! 🤟🧉 | Incluye un mate IMPERIAL PREMIUM grabado, un CUCHILLO personalizado y una TABLA GRABADA (20x30cm) TODO con el dis"
"55","SET DELUXE PERSONALIZADO","123","{""MODELO DE MATE"":""IMPERIAL DE ALGARROBO""}","SETS / SETS PARRILLEROS","combo","C","MB-IMP-ALG + MB-TABLA + MB-CUC-INOX","caja_regalo_deluxe","Mate, tabla 20×30 y cuchillo identificados; la caja de regalo premium incluida no tiene SKU físico ni abastecimiento confirmado.","Caja de regalo premium MateBreak: crear SKU y definir si se controla por stock o a pedido","🎁 ¡REGALO INCLUIDO: con la compra de TU SET, te mandamos nuestra CAJA DE REGALO PREMIUM MATEBREAK! 🤟🧉 | Incluye un mate IMPERIAL PREMIUM grabado con el DISEÑO que quieras, un CUCHILLO personalizado y una TABLA GRABADA"
"55","SET DELUXE PERSONALIZADO","124","{""MODELO DE MATE"":""IMPERIAL DE CALABAZA""}","SETS / SETS PARRILLEROS","combo","C","MB-IMP-CAL + MB-TABLA + MB-CUC-INOX","caja_regalo_deluxe","Mate, tabla 20×30 y cuchillo identificados; la caja de regalo premium incluida no tiene SKU físico ni abastecimiento confirmado.","Caja de regalo premium MateBreak: crear SKU y definir si se controla por stock o a pedido","🎁 ¡REGALO INCLUIDO: con la compra de TU SET, te mandamos nuestra CAJA DE REGALO PREMIUM MATEBREAK! 🤟🧉 | Incluye un mate IMPERIAL PREMIUM grabado con el DISEÑO que quieras, un CUCHILLO personalizado y una TABLA GRABADA"
"56","SET MATERO DE BELGRANO","125","{""MODELO DE MATE"":""IMPERIAL DE ALGARROBO""}","SETS / SETS MATEROS","combo","C","MB-IMP-ALG + MB-BOM-PICO-LORO + MB-TER-PLA","caja_regalo_set","El termo físico se identifica en la galería importada y el texto no lo contradice; la caja de regalo incluida carece de SKU.","Caja de regalo premium MateBreak: crear SKU y definir abastecimiento","🎁 ¡REGALO INCLUIDO: con la compra de TU SET MATERO, te mandamos nuestra CAJA DE REGALO PREMIUM MATEBREAK! 🤟🧉 | Incluye un termo con media manija del club, ideal para mantener tu agua caliente durante horas. Además, el"
"56","SET MATERO DE BELGRANO","126","{""MODELO DE MATE"":""IMPERIAL DE CALABAZA""}","SETS / SETS MATEROS","combo","C","MB-IMP-CAL + MB-BOM-PICO-LORO + MB-TER-PLA","caja_regalo_set","El termo físico se identifica en la galería importada y el texto no lo contradice; la caja de regalo incluida carece de SKU.","Caja de regalo premium MateBreak: crear SKU y definir abastecimiento","🎁 ¡REGALO INCLUIDO: con la compra de TU SET MATERO, te mandamos nuestra CAJA DE REGALO PREMIUM MATEBREAK! 🤟🧉 | Incluye un termo con media manija del club, ideal para mantener tu agua caliente durante horas. Además, el"
"57","SET MATERO DE BOCA","127","{""MODELO DE MATE"":""IMPERIAL DE ALGARROBO""}","SETS / SETS MATEROS","combo","C","MB-IMP-ALG + MB-BOM-PICO-LORO + MB-TER-PLA","caja_regalo_set","El termo físico se identifica en la galería importada y el texto no lo contradice; la caja de regalo incluida carece de SKU.","Caja de regalo premium MateBreak: crear SKU y definir abastecimiento","🎁 ¡REGALO INCLUIDO: con la compra de TU SET MATERO, te mandamos nuestra CAJA DE REGALO PREMIUM MATEBREAK! 🤟🧉 | Además, el mate imperial grabado del club con un diseño inigualable, que incluye a Maradona, Roman Riquelm"
"57","SET MATERO DE BOCA","128","{""MODELO DE MATE"":""IMPERIAL DE CALABAZA""}","SETS / SETS MATEROS","combo","C","MB-IMP-CAL + MB-BOM-PICO-LORO + MB-TER-PLA","caja_regalo_set","El termo físico se identifica en la galería importada y el texto no lo contradice; la caja de regalo incluida carece de SKU.","Caja de regalo premium MateBreak: crear SKU y definir abastecimiento","🎁 ¡REGALO INCLUIDO: con la compra de TU SET MATERO, te mandamos nuestra CAJA DE REGALO PREMIUM MATEBREAK! 🤟🧉 | Además, el mate imperial grabado del club con un diseño inigualable, que incluye a Maradona, Roman Riquelm"
"58","SET MATERO DE CENTRAL","129","{""MODELO DE MATE"":""IMPERIAL DE ALGARROBO""}","SETS / SETS MATEROS","combo","C","MB-IMP-ALG + MB-BOM-PICO-LORO + MB-TER-PLA","caja_regalo_set","El termo físico se identifica en la galería importada y el texto no lo contradice; la caja de regalo incluida carece de SKU.","Caja de regalo premium MateBreak: crear SKU y definir abastecimiento","🎁 ¡REGALO INCLUIDO: con la compra de TU SET MATERO, te mandamos nuestra CAJA DE REGALO PREMIUM MATEBREAK! 🤟🧉 | El combo matero del CANALLA. Este conjunto incluye:"
"58","SET MATERO DE CENTRAL","130","{""MODELO DE MATE"":""IMPERIAL DE CALABAZA""}","SETS / SETS MATEROS","combo","C","MB-IMP-CAL + MB-BOM-PICO-LORO + MB-TER-PLA","caja_regalo_set","El termo físico se identifica en la galería importada y el texto no lo contradice; la caja de regalo incluida carece de SKU.","Caja de regalo premium MateBreak: crear SKU y definir abastecimiento","🎁 ¡REGALO INCLUIDO: con la compra de TU SET MATERO, te mandamos nuestra CAJA DE REGALO PREMIUM MATEBREAK! 🤟🧉 | El combo matero del CANALLA. Este conjunto incluye:"
"59","SET MATERO DE COLON","131","{""MODELO DE MATE"":""IMPERIAL DE ALGARROBO""}","SETS / SETS MATEROS","combo","C","MB-IMP-ALG + MB-BOM-PICO-LORO + MB-TER-PLA","caja_regalo_set","El termo físico se identifica en la galería importada y el texto no lo contradice; la caja de regalo incluida carece de SKU.","Caja de regalo premium MateBreak: crear SKU y definir abastecimiento","🎁 ¡REGALO INCLUIDO: con la compra de TU SET MATERO, te mandamos nuestra CAJA DE REGALO PREMIUM MATEBREAK! 🤟🧉 | El combo matero del SABALERO. Este conjunto incluye:"
"59","SET MATERO DE COLON","132","{""MODELO DE MATE"":""IMPERIAL DE CALABAZA""}","SETS / SETS MATEROS","combo","C","MB-IMP-CAL + MB-BOM-PICO-LORO + MB-TER-PLA","caja_regalo_set","El termo físico se identifica en la galería importada y el texto no lo contradice; la caja de regalo incluida carece de SKU.","Caja de regalo premium MateBreak: crear SKU y definir abastecimiento","🎁 ¡REGALO INCLUIDO: con la compra de TU SET MATERO, te mandamos nuestra CAJA DE REGALO PREMIUM MATEBREAK! 🤟🧉 | El combo matero del SABALERO. Este conjunto incluye:"
"60","SET MATERO DE ESTUDIANTES","133","{""MODELO DE MATE"":""IMPERIAL DE ALGARROBO""}","SETS / SETS MATEROS","combo","C","MB-IMP-ALG + MB-BOM-PICO-LORO + MB-TER-PLA","caja_regalo_set","El termo físico se identifica en la galería importada y el texto no lo contradice; la caja de regalo incluida carece de SKU.","Caja de regalo premium MateBreak: crear SKU y definir abastecimiento","🎁 ¡REGALO INCLUIDO: con la compra de TU SET MATERO, te mandamos nuestra CAJA DE REGALO PREMIUM MATEBREAK! 🤟🧉 | Además, el mate imperial grabado del club con un diseño inigualable, que incluye las libertadores ganadas,"
"60","SET MATERO DE ESTUDIANTES","134","{""MODELO DE MATE"":""IMPERIAL DE CALABAZA""}","SETS / SETS MATEROS","combo","C","MB-IMP-CAL + MB-BOM-PICO-LORO + MB-TER-PLA","caja_regalo_set","El termo físico se identifica en la galería importada y el texto no lo contradice; la caja de regalo incluida carece de SKU.","Caja de regalo premium MateBreak: crear SKU y definir abastecimiento","🎁 ¡REGALO INCLUIDO: con la compra de TU SET MATERO, te mandamos nuestra CAJA DE REGALO PREMIUM MATEBREAK! 🤟🧉 | Además, el mate imperial grabado del club con un diseño inigualable, que incluye las libertadores ganadas,"
"61","SET MATERO DE INDEPENDIENTE","135","{""MODELO DE MATE"":""IMPERIAL DE ALGARROBO""}","SETS / SETS MATEROS","combo","C","MB-IMP-ALG + MB-BOM-PICO-LORO + MB-TER-PLA","caja_regalo_set","El termo físico se identifica en la galería importada y el texto no lo contradice; la caja de regalo incluida carece de SKU.","Caja de regalo premium MateBreak: crear SKU y definir abastecimiento","🎁 ¡REGALO INCLUIDO: con la compra de TU SET MATERO, te mandamos nuestra CAJA DE REGALO PREMIUM MATEBREAK! 🤟🧉 | EL SET MATERO de los fanaticos del rojo. Este conjunto incluye:"
"61","SET MATERO DE INDEPENDIENTE","136","{""MODELO DE MATE"":""IMPERIAL DE CALABAZA""}","SETS / SETS MATEROS","combo","C","MB-IMP-CAL + MB-BOM-PICO-LORO + MB-TER-PLA","caja_regalo_set","El termo físico se identifica en la galería importada y el texto no lo contradice; la caja de regalo incluida carece de SKU.","Caja de regalo premium MateBreak: crear SKU y definir abastecimiento","🎁 ¡REGALO INCLUIDO: con la compra de TU SET MATERO, te mandamos nuestra CAJA DE REGALO PREMIUM MATEBREAK! 🤟🧉 | EL SET MATERO de los fanaticos del rojo. Este conjunto incluye:"
"62","SET MATERO DE LANÚS","137","{""MODELO DE MATE"":""IMPERIAL DE ALGARROBO""}","SETS / SETS MATEROS","combo","C","MB-IMP-ALG + MB-BOM-PICO-LORO + MB-TER-PLA","caja_regalo_set","El termo físico se identifica en la galería importada y el texto no lo contradice; la caja de regalo incluida carece de SKU.","Caja de regalo premium MateBreak: crear SKU y definir abastecimiento","🎁 ¡REGALO INCLUIDO: con la compra de TU SET MATERO, te mandamos nuestra CAJA DE REGALO PREMIUM MATEBREAK! 🤟🧉 | El combo matero del GRANATE. Este conjunto incluye:"
"62","SET MATERO DE LANÚS","138","{""MODELO DE MATE"":""IMPERIAL DE CALABAZA""}","SETS / SETS MATEROS","combo","C","MB-IMP-CAL + MB-BOM-PICO-LORO + MB-TER-PLA","caja_regalo_set","El termo físico se identifica en la galería importada y el texto no lo contradice; la caja de regalo incluida carece de SKU.","Caja de regalo premium MateBreak: crear SKU y definir abastecimiento","🎁 ¡REGALO INCLUIDO: con la compra de TU SET MATERO, te mandamos nuestra CAJA DE REGALO PREMIUM MATEBREAK! 🤟🧉 | El combo matero del GRANATE. Este conjunto incluye:"
"63","SET MATERO DE NEWELL´S - ROSARIO","139","{""MODELO DE MATE"":""IMPERIAL DE ALGARROBO""}","SETS / SETS MATEROS","combo","C","MB-IMP-ALG + MB-BOM-PICO-LORO + MB-TER-PLA","caja_regalo_set","El termo físico se identifica en la galería importada y el texto no lo contradice; la caja de regalo incluida carece de SKU.","Caja de regalo premium MateBreak: crear SKU y definir abastecimiento","🎁 ¡REGALO INCLUIDO: con la compra de TU SET MATERO, te mandamos nuestra CAJA DE REGALO PREMIUM MATEBREAK! 🤟🧉 | Incluye un termo con media manija del club, ideal para mantener tu agua caliente durante horas. Además, el"
"63","SET MATERO DE NEWELL´S - ROSARIO","140","{""MODELO DE MATE"":""IMPERIAL DE CALABAZA""}","SETS / SETS MATEROS","combo","C","MB-IMP-CAL + MB-BOM-PICO-LORO + MB-TER-PLA","caja_regalo_set","El termo físico se identifica en la galería importada y el texto no lo contradice; la caja de regalo incluida carece de SKU.","Caja de regalo premium MateBreak: crear SKU y definir abastecimiento","🎁 ¡REGALO INCLUIDO: con la compra de TU SET MATERO, te mandamos nuestra CAJA DE REGALO PREMIUM MATEBREAK! 🤟🧉 | Incluye un termo con media manija del club, ideal para mantener tu agua caliente durante horas. Además, el"
"64","SET MATERO DE PLATENSE","141","{""MODELO DE MATE"":""IMPERIAL DE ALGARROBO""}","SETS / SETS MATEROS","combo","C","MB-IMP-ALG + MB-BOM-PICO-LORO + MB-TER-PLA","caja_regalo_set","El termo físico se identifica en la galería importada y el texto no lo contradice; la caja de regalo incluida carece de SKU.","Caja de regalo premium MateBreak: crear SKU y definir abastecimiento","🎁 ¡REGALO INCLUIDO: con la compra de TU SET MATERO, te mandamos nuestra CAJA DE REGALO PREMIUM MATEBREAK! 🤟🧉 | El combo matero del CALAMAR. Este conjunto incluye:"
"64","SET MATERO DE PLATENSE","142","{""MODELO DE MATE"":""IMPERIAL DE CALABAZA""}","SETS / SETS MATEROS","combo","C","MB-IMP-CAL + MB-BOM-PICO-LORO + MB-TER-PLA","caja_regalo_set","El termo físico se identifica en la galería importada y el texto no lo contradice; la caja de regalo incluida carece de SKU.","Caja de regalo premium MateBreak: crear SKU y definir abastecimiento","🎁 ¡REGALO INCLUIDO: con la compra de TU SET MATERO, te mandamos nuestra CAJA DE REGALO PREMIUM MATEBREAK! 🤟🧉 | El combo matero del CALAMAR. Este conjunto incluye:"
"65","SET MATERO DE RACING","143","{""MODELO DE MATE"":""IMPERIAL DE ALGARROBO""}","SETS / SETS MATEROS","combo","C","MB-IMP-ALG + MB-BOM-PICO-LORO + MB-TER-PLA","caja_regalo_set","El termo físico se identifica en la galería importada y el texto no lo contradice; la caja de regalo incluida carece de SKU.","Caja de regalo premium MateBreak: crear SKU y definir abastecimiento","🎁 ¡REGALO INCLUIDO: con la compra de TU SET MATERO, te mandamos nuestra CAJA DE REGALO PREMIUM MATEBREAK! 🤟🧉 | EL SET MATERO de los fanaticos de la academia. Este conjunto incluye:"
"65","SET MATERO DE RACING","144","{""MODELO DE MATE"":""IMPERIAL DE CALABAZA""}","SETS / SETS MATEROS","combo","C","MB-IMP-CAL + MB-BOM-PICO-LORO + MB-TER-PLA","caja_regalo_set","El termo físico se identifica en la galería importada y el texto no lo contradice; la caja de regalo incluida carece de SKU.","Caja de regalo premium MateBreak: crear SKU y definir abastecimiento","🎁 ¡REGALO INCLUIDO: con la compra de TU SET MATERO, te mandamos nuestra CAJA DE REGALO PREMIUM MATEBREAK! 🤟🧉 | EL SET MATERO de los fanaticos de la academia. Este conjunto incluye:"
"66","SET MATERO DE RIVER","145","{""MODELO DE MATE"":""IMPERIAL DE ALGARROBO""}","SETS / SETS MATEROS","combo","C","MB-IMP-ALG + MB-BOM-PICO-LORO + MB-TER-PLA","caja_regalo_set","El termo físico se identifica en la galería importada y el texto no lo contradice; la caja de regalo incluida carece de SKU.","Caja de regalo premium MateBreak: crear SKU y definir abastecimiento","🎁 ¡REGALO INCLUIDO: con la compra de TU SET MATERO, te mandamos nuestra CAJA DE REGALO PREMIUM MATEBREAK! 🤟🧉 | Incluye un termo con media manija del club, ideal para mantener tu agua caliente durante horas. Además, el"
"66","SET MATERO DE RIVER","146","{""MODELO DE MATE"":""IMPERIAL DE CALABAZA""}","SETS / SETS MATEROS","combo","C","MB-IMP-CAL + MB-BOM-PICO-LORO + MB-TER-PLA","caja_regalo_set","El termo físico se identifica en la galería importada y el texto no lo contradice; la caja de regalo incluida carece de SKU.","Caja de regalo premium MateBreak: crear SKU y definir abastecimiento","🎁 ¡REGALO INCLUIDO: con la compra de TU SET MATERO, te mandamos nuestra CAJA DE REGALO PREMIUM MATEBREAK! 🤟🧉 | Incluye un termo con media manija del club, ideal para mantener tu agua caliente durante horas. Además, el"
"67","SET MATERO DE SAN LORENZO","147","{""MODELO DE MATE"":""IMPERIAL DE ALGARROBO""}","SETS / SETS MATEROS","combo","C","MB-IMP-ALG + MB-BOM-PICO-LORO + MB-TER-PLA","caja_regalo_set","El termo físico se identifica en la galería importada y el texto no lo contradice; la caja de regalo incluida carece de SKU.","Caja de regalo premium MateBreak: crear SKU y definir abastecimiento","🎁 ¡REGALO INCLUIDO: con la compra de TU SET MATERO, te mandamos nuestra CAJA DE REGALO PREMIUM MATEBREAK! 🤟🧉 | El set matero de San Lorenzo es un conjunto que encarna la pasión y el orgullo de los seguidores del cicló"
"67","SET MATERO DE SAN LORENZO","148","{""MODELO DE MATE"":""IMPERIAL DE CALABAZA""}","SETS / SETS MATEROS","combo","C","MB-IMP-CAL + MB-BOM-PICO-LORO + MB-TER-PLA","caja_regalo_set","El termo físico se identifica en la galería importada y el texto no lo contradice; la caja de regalo incluida carece de SKU.","Caja de regalo premium MateBreak: crear SKU y definir abastecimiento","🎁 ¡REGALO INCLUIDO: con la compra de TU SET MATERO, te mandamos nuestra CAJA DE REGALO PREMIUM MATEBREAK! 🤟🧉 | El set matero de San Lorenzo es un conjunto que encarna la pasión y el orgullo de los seguidores del cicló"
"68","SET MATERO DE TALLERES","149","{""MODELO DE MATE"":""IMPERIAL DE ALGARROBO""}","SETS / SETS MATEROS","combo","C","MB-IMP-ALG + MB-BOM-PICO-LORO + MB-TER-PLA","caja_regalo_set","El termo físico se identifica en la galería importada y el texto no lo contradice; la caja de regalo incluida carece de SKU.","Caja de regalo premium MateBreak: crear SKU y definir abastecimiento","🎁 ¡REGALO INCLUIDO: con la compra de TU SET MATERO, te mandamos nuestra CAJA DE REGALO PREMIUM MATEBREAK! 🤟🧉 | Incluye un termo con media manija del club, ideal para mantener tu agua caliente durante horas. Además, el"
"68","SET MATERO DE TALLERES","150","{""MODELO DE MATE"":""IMPERIAL DE CALABAZA""}","SETS / SETS MATEROS","combo","C","MB-IMP-CAL + MB-BOM-PICO-LORO + MB-TER-PLA","caja_regalo_set","El termo físico se identifica en la galería importada y el texto no lo contradice; la caja de regalo incluida carece de SKU.","Caja de regalo premium MateBreak: crear SKU y definir abastecimiento","🎁 ¡REGALO INCLUIDO: con la compra de TU SET MATERO, te mandamos nuestra CAJA DE REGALO PREMIUM MATEBREAK! 🤟🧉 | Incluye un termo con media manija del club, ideal para mantener tu agua caliente durante horas. Además, el"
"69","SET MATERO DE TIGRE","151","{""MODELO DE MATE"":""IMPERIAL DE ALGARROBO""}","SETS / SETS MATEROS","combo","C","MB-IMP-ALG + MB-BOM-PICO-LORO + MB-TER-PLA","caja_regalo_set","El termo físico se identifica en la galería importada y el texto no lo contradice; la caja de regalo incluida carece de SKU.","Caja de regalo premium MateBreak: crear SKU y definir abastecimiento","🎁 ¡REGALO INCLUIDO: con la compra de TU SET MATERO, te mandamos nuestra CAJA DE REGALO PREMIUM MATEBREAK! 🤟🧉 | El combo matero del MATADOR. Este conjunto incluye:"
"69","SET MATERO DE TIGRE","152","{""MODELO DE MATE"":""IMPERIAL DE CALABAZA""}","SETS / SETS MATEROS","combo","C","MB-IMP-CAL + MB-BOM-PICO-LORO + MB-TER-PLA","caja_regalo_set","El termo físico se identifica en la galería importada y el texto no lo contradice; la caja de regalo incluida carece de SKU.","Caja de regalo premium MateBreak: crear SKU y definir abastecimiento","🎁 ¡REGALO INCLUIDO: con la compra de TU SET MATERO, te mandamos nuestra CAJA DE REGALO PREMIUM MATEBREAK! 🤟🧉 | El combo matero del MATADOR. Este conjunto incluye:"
"70","SET MATERO DE VELEZ","153","{""MODELO DE MATE"":""IMPERIAL DE ALGARROBO""}","SETS / SETS MATEROS","combo","C","MB-IMP-ALG + MB-BOM-PICO-LORO + MB-TER-PLA","caja_regalo_set","El termo físico se identifica en la galería importada y el texto no lo contradice; la caja de regalo incluida carece de SKU.","Caja de regalo premium MateBreak: crear SKU y definir abastecimiento","🎁 ¡REGALO INCLUIDO: con la compra de TU SET MATERO, te mandamos nuestra CAJA DE REGALO PREMIUM MATEBREAK! 🤟🧉 | Incluye un termo con media manija del club, ideal para mantener tu agua caliente durante horas. Además, el"
"70","SET MATERO DE VELEZ","154","{""MODELO DE MATE"":""IMPERIAL DE CALABAZA""}","SETS / SETS MATEROS","combo","C","MB-IMP-CAL + MB-BOM-PICO-LORO + MB-TER-PLA","caja_regalo_set","El termo físico se identifica en la galería importada y el texto no lo contradice; la caja de regalo incluida carece de SKU.","Caja de regalo premium MateBreak: crear SKU y definir abastecimiento","🎁 ¡REGALO INCLUIDO: con la compra de TU SET MATERO, te mandamos nuestra CAJA DE REGALO PREMIUM MATEBREAK! 🤟🧉 | Incluye un termo con media manija del club, ideal para mantener tu agua caliente durante horas. Además, el"
"71","SET MATERO DEL CAMPEÓN","155","{""MODELO DE MATE"":""IMPERIAL DE ALGARROBO""}","SETS / SETS MATEROS","combo","C","MB-IMP-ALG + MB-BOM-PICO-LORO + MB-TER-PLA","caja_regalo_set","El termo físico se identifica en la galería importada y el texto no lo contradice; la caja de regalo incluida carece de SKU.","Caja de regalo premium MateBreak: crear SKU y definir abastecimiento","🎁 ¡REGALO INCLUIDO: con la compra de TU SET MATERO, te mandamos nuestra CAJA DE REGALO PREMIUM MATEBREAK! 🤟🧉 | El set matero de la selección argentina es una manifestación de orgullo nacional y pasión por el fútbol. E"
"71","SET MATERO DEL CAMPEÓN","156","{""MODELO DE MATE"":""IMPERIAL DE CALABAZA""}","SETS / SETS MATEROS","combo","C","MB-IMP-CAL + MB-BOM-PICO-LORO + MB-TER-PLA","caja_regalo_set","El termo físico se identifica en la galería importada y el texto no lo contradice; la caja de regalo incluida carece de SKU.","Caja de regalo premium MateBreak: crear SKU y definir abastecimiento","🎁 ¡REGALO INCLUIDO: con la compra de TU SET MATERO, te mandamos nuestra CAJA DE REGALO PREMIUM MATEBREAK! 🤟🧉 | El set matero de la selección argentina es una manifestación de orgullo nacional y pasión por el fútbol. E"
"72","SET MATERO MUNDIAL 2026","157","{""MODELO DE MATE"":""IMPERIAL DE ALGARROBO""}","SETS / SETS MATEROS","combo","C","MB-IMP-ALG + MB-BOM-PICO-LORO + MB-TER-NEG","caja_regalo_set","El termo físico se identifica en la galería importada y el texto no lo contradice; la caja de regalo incluida carece de SKU.","Caja de regalo premium MateBreak: crear SKU y definir abastecimiento","🎁 ¡REGALO INCLUIDO: con la compra de TU SET MATERO, te mandamos nuestra CAJA DE REGALO PREMIUM MATEBREAK! 🤟🧉 | Incluye un mate personalizado de algarrobo o calabaza, elegido por su nobleza y durabilidad, un termo medi"
"72","SET MATERO MUNDIAL 2026","158","{""MODELO DE MATE"":""IMPERIAL DE CALABAZA""}","SETS / SETS MATEROS","combo","C","MB-IMP-CAL + MB-BOM-PICO-LORO + MB-TER-NEG","caja_regalo_set","El termo físico se identifica en la galería importada y el texto no lo contradice; la caja de regalo incluida carece de SKU.","Caja de regalo premium MateBreak: crear SKU y definir abastecimiento","🎁 ¡REGALO INCLUIDO: con la compra de TU SET MATERO, te mandamos nuestra CAJA DE REGALO PREMIUM MATEBREAK! 🤟🧉 | Incluye un mate personalizado de algarrobo o calabaza, elegido por su nobleza y durabilidad, un termo medi"
"73","SET MATERO PERSONALIZADO - TU PROPIO DISEÑO","159","{""MODELO DE MATE"":""IMPERIAL DE ALGARROBO""}","SETS / SETS MATEROS","combo","C","MB-IMP-ALG + MB-BOM-PICO-LORO + MB-TER-PLA","caja_regalo_set","El termo físico se identifica en la galería importada y el texto no lo contradice; la caja de regalo incluida carece de SKU.","Caja de regalo premium MateBreak: crear SKU y definir abastecimiento","🎁 ¡REGALO INCLUIDO: con la compra de TU SET MATERO, te mandamos nuestra CAJA DE REGALO PREMIUM MATEBREAK! 🤟🧉 | Este combo incluye:"
"73","SET MATERO PERSONALIZADO - TU PROPIO DISEÑO","160","{""MODELO DE MATE"":""IMPERIAL DE CALABAZA""}","SETS / SETS MATEROS","combo","C","MB-IMP-CAL + MB-BOM-PICO-LORO + MB-TER-PLA","caja_regalo_set","El termo físico se identifica en la galería importada y el texto no lo contradice; la caja de regalo incluida carece de SKU.","Caja de regalo premium MateBreak: crear SKU y definir abastecimiento","🎁 ¡REGALO INCLUIDO: con la compra de TU SET MATERO, te mandamos nuestra CAJA DE REGALO PREMIUM MATEBREAK! 🤟🧉 | Este combo incluye:"
"74","SET MATERO PREMIUM ARGENTINO","161","{""MODELO DE MATE"":""IMPERIAL DE ALGARROBO""}","SETS / SETS MATEROS","combo","C","MB-IMP-ALG + MB-BOM-PICO-LORO + MB-TER-PLA","caja_regalo_set","El termo físico se identifica en la galería importada y el texto no lo contradice; la caja de regalo incluida carece de SKU.","Caja de regalo premium MateBreak: crear SKU y definir abastecimiento","🎁 ¡REGALO INCLUIDO: con la compra de TU SET MATERO, te mandamos nuestra CAJA DE REGALO PREMIUM MATEBREAK! 🤟🧉 | Incluye un mate personalizado de algarrobo o calabaza, elegido por su nobleza y durabilidad, un termo medi"
"74","SET MATERO PREMIUM ARGENTINO","162","{""MODELO DE MATE"":""IMPERIAL DE CALABAZA""}","SETS / SETS MATEROS","combo","C","MB-IMP-CAL + MB-BOM-PICO-LORO + MB-TER-PLA","caja_regalo_set","El termo físico se identifica en la galería importada y el texto no lo contradice; la caja de regalo incluida carece de SKU.","Caja de regalo premium MateBreak: crear SKU y definir abastecimiento","🎁 ¡REGALO INCLUIDO: con la compra de TU SET MATERO, te mandamos nuestra CAJA DE REGALO PREMIUM MATEBREAK! 🤟🧉 | Incluye un mate personalizado de algarrobo o calabaza, elegido por su nobleza y durabilidad, un termo medi"
"88","SET PREMIUM DE BELGRANO","176","{""MODELO DE MATE"":""IMPERIAL DE ALGARROBO""}","SETS / SETS PREMIUM","combo","C","MB-IMP-ALG + MB-BOM-PICO-LORO + MB-TER-PLA + MB-TABLA + MB-CUC-INOX","caja_regalo_set","El termo físico se identifica en la galería importada y el texto no lo contradice; la caja de regalo incluida carece de SKU.","Caja de regalo premium MateBreak: crear SKU y definir abastecimiento","🎁 ¡REGALO INCLUIDO: con la compra de TU SET MATERO, te mandamos nuestra CAJA DE REGALO PREMIUM MATEBREAK! 🤟🧉 | Incluye un termo con media manija del club, ideal para mantener tu agua caliente durante horas. Además, el"
"88","SET PREMIUM DE BELGRANO","177","{""MODELO DE MATE"":""IMPERIAL DE CALABAZA""}","SETS / SETS PREMIUM","combo","C","MB-IMP-CAL + MB-BOM-PICO-LORO + MB-TER-PLA + MB-TABLA + MB-CUC-INOX","caja_regalo_set","El termo físico se identifica en la galería importada y el texto no lo contradice; la caja de regalo incluida carece de SKU.","Caja de regalo premium MateBreak: crear SKU y definir abastecimiento","🎁 ¡REGALO INCLUIDO: con la compra de TU SET MATERO, te mandamos nuestra CAJA DE REGALO PREMIUM MATEBREAK! 🤟🧉 | Incluye un termo con media manija del club, ideal para mantener tu agua caliente durante horas. Además, el"
"89","SET PREMIUM DE CENTRAL","178","{""MODELO DE MATE"":""IMPERIAL DE ALGARROBO""}","SETS / SETS PREMIUM","combo","C","MB-IMP-ALG + MB-BOM-PICO-LORO + MB-TER-PLA + MB-TABLA + MB-CUC-INOX","caja_regalo_set","El termo físico se identifica en la galería importada y el texto no lo contradice; la caja de regalo incluida carece de SKU.","Caja de regalo premium MateBreak: crear SKU y definir abastecimiento","🎁 ¡REGALO INCLUIDO: con la compra de TU SET, te mandamos nuestra CAJA DE REGALO PREMIUM MATEBREAK! 🤟🧉 | Incluye un termo con media manija del club, ideal para mantener tu agua caliente durante horas. Además, el mate i"
"89","SET PREMIUM DE CENTRAL","179","{""MODELO DE MATE"":""IMPERIAL DE CALABAZA""}","SETS / SETS PREMIUM","combo","C","MB-IMP-CAL + MB-BOM-PICO-LORO + MB-TER-PLA + MB-TABLA + MB-CUC-INOX","caja_regalo_set","El termo físico se identifica en la galería importada y el texto no lo contradice; la caja de regalo incluida carece de SKU.","Caja de regalo premium MateBreak: crear SKU y definir abastecimiento","🎁 ¡REGALO INCLUIDO: con la compra de TU SET, te mandamos nuestra CAJA DE REGALO PREMIUM MATEBREAK! 🤟🧉 | Incluye un termo con media manija del club, ideal para mantener tu agua caliente durante horas. Además, el mate i"
"90","SET PREMIUM DE ESTUDIANTES","180","{""MODELO DE MATE"":""IMPERIAL DE ALGARROBO""}","SETS / SETS PREMIUM","combo","C","MB-IMP-ALG + MB-BOM-PICO-LORO + MB-TER-PLA + MB-TABLA + MB-CUC-INOX","caja_regalo_set","El termo físico se identifica en la galería importada y el texto no lo contradice; la caja de regalo incluida carece de SKU.","Caja de regalo premium MateBreak: crear SKU y definir abastecimiento","🎁 ¡REGALO INCLUIDO: con la compra de TU SET MATERO, te mandamos nuestra CAJA DE REGALO PREMIUM MATEBREAK! 🤟🧉 | Incluye un termo con media manija del club, ideal para mantener tu agua caliente durante horas. Además, el"
"90","SET PREMIUM DE ESTUDIANTES","181","{""MODELO DE MATE"":""IMPERIAL DE CALABAZA""}","SETS / SETS PREMIUM","combo","C","MB-IMP-CAL + MB-BOM-PICO-LORO + MB-TER-PLA + MB-TABLA + MB-CUC-INOX","caja_regalo_set","El termo físico se identifica en la galería importada y el texto no lo contradice; la caja de regalo incluida carece de SKU.","Caja de regalo premium MateBreak: crear SKU y definir abastecimiento","🎁 ¡REGALO INCLUIDO: con la compra de TU SET MATERO, te mandamos nuestra CAJA DE REGALO PREMIUM MATEBREAK! 🤟🧉 | Incluye un termo con media manija del club, ideal para mantener tu agua caliente durante horas. Además, el"
"91","SET PREMIUM DE INDEPENDIENTE","182","{""MODELO DE MATE"":""IMPERIAL DE ALGARROBO""}","SETS / SETS PREMIUM","combo","C","MB-IMP-ALG + MB-BOM-PICO-LORO + MB-TER-PLA + MB-TABLA + MB-CUC-INOX","caja_regalo_set","El termo físico se identifica en la galería importada y el texto no lo contradice; la caja de regalo incluida carece de SKU.","Caja de regalo premium MateBreak: crear SKU y definir abastecimiento","🎁 ¡REGALO INCLUIDO: con la compra de TU SET MATERO, te mandamos nuestra CAJA DE REGALO PREMIUM MATEBREAK! 🤟🧉 | Incluye un termo con media manija del club, ideal para mantener tu agua caliente durante horas. Además, el"
"91","SET PREMIUM DE INDEPENDIENTE","183","{""MODELO DE MATE"":""IMPERIAL DE CALABAZA""}","SETS / SETS PREMIUM","combo","C","MB-IMP-CAL + MB-BOM-PICO-LORO + MB-TER-PLA + MB-TABLA + MB-CUC-INOX","caja_regalo_set","El termo físico se identifica en la galería importada y el texto no lo contradice; la caja de regalo incluida carece de SKU.","Caja de regalo premium MateBreak: crear SKU y definir abastecimiento","🎁 ¡REGALO INCLUIDO: con la compra de TU SET MATERO, te mandamos nuestra CAJA DE REGALO PREMIUM MATEBREAK! 🤟🧉 | Incluye un termo con media manija del club, ideal para mantener tu agua caliente durante horas. Además, el"
"92","SET PREMIUM DE LA ACADEMIA","184","{""MODELO DE MATE"":""IMPERIAL DE ALGARROBO""}","SETS / SETS PREMIUM","combo","C","MB-IMP-ALG + MB-BOM-PICO-LORO + MB-TER-PLA + MB-TABLA + MB-CUC-INOX","caja_regalo_set","El termo físico se identifica en la galería importada y el texto no lo contradice; la caja de regalo incluida carece de SKU.","Caja de regalo premium MateBreak: crear SKU y definir abastecimiento","🎁 ¡REGALO INCLUIDO: con la compra de TU SET MATERO, te mandamos nuestra CAJA DE REGALO PREMIUM MATEBREAK! 🤟🧉 | Incluye un termo con media manija del club, ideal para mantener tu agua caliente durante horas. Además, el"
"92","SET PREMIUM DE LA ACADEMIA","185","{""MODELO DE MATE"":""IMPERIAL DE CALABAZA""}","SETS / SETS PREMIUM","combo","C","MB-IMP-CAL + MB-BOM-PICO-LORO + MB-TER-PLA + MB-TABLA + MB-CUC-INOX","caja_regalo_set","El termo físico se identifica en la galería importada y el texto no lo contradice; la caja de regalo incluida carece de SKU.","Caja de regalo premium MateBreak: crear SKU y definir abastecimiento","🎁 ¡REGALO INCLUIDO: con la compra de TU SET MATERO, te mandamos nuestra CAJA DE REGALO PREMIUM MATEBREAK! 🤟🧉 | Incluye un termo con media manija del club, ideal para mantener tu agua caliente durante horas. Además, el"
"93","SET PREMIUM DE LANÚS","186","{""MODELO DE MATE"":""IMPERIAL DE ALGARROBO""}","SETS / SETS PREMIUM","combo","C","MB-IMP-ALG + MB-BOM-PICO-LORO + MB-TER-PLA + MB-TABLA + MB-CUC-INOX","caja_regalo_set","El termo físico se identifica en la galería importada y el texto no lo contradice; la caja de regalo incluida carece de SKU.","Caja de regalo premium MateBreak: crear SKU y definir abastecimiento","🎁 ¡REGALO INCLUIDO: con la compra de TU SET MATERO, te mandamos nuestra CAJA DE REGALO PREMIUM MATEBREAK! 🤟🧉 | El combo matero del GRANATE. Este conjunto incluye: | Incluye un termo con media manija del club, ideal pa"
"93","SET PREMIUM DE LANÚS","187","{""MODELO DE MATE"":""IMPERIAL DE CALABAZA""}","SETS / SETS PREMIUM","combo","C","MB-IMP-CAL + MB-BOM-PICO-LORO + MB-TER-PLA + MB-TABLA + MB-CUC-INOX","caja_regalo_set","El termo físico se identifica en la galería importada y el texto no lo contradice; la caja de regalo incluida carece de SKU.","Caja de regalo premium MateBreak: crear SKU y definir abastecimiento","🎁 ¡REGALO INCLUIDO: con la compra de TU SET MATERO, te mandamos nuestra CAJA DE REGALO PREMIUM MATEBREAK! 🤟🧉 | El combo matero del GRANATE. Este conjunto incluye: | Incluye un termo con media manija del club, ideal pa"
"94","SET PREMIUM DE SAN LORENZO","188","{""MODELO DE MATE"":""IMPERIAL DE ALGARROBO""}","SETS / SETS PREMIUM","combo","C","MB-IMP-ALG + MB-BOM-PICO-LORO + MB-TER-PLA + MB-TABLA + MB-CUC-INOX","caja_regalo_set","El termo físico se identifica en la galería importada y el texto no lo contradice; la caja de regalo incluida carece de SKU.","Caja de regalo premium MateBreak: crear SKU y definir abastecimiento","🎁 ¡REGALO INCLUIDO: con la compra de TU SET MATERO, te mandamos nuestra CAJA DE REGALO PREMIUM MATEBREAK! 🤟🧉 | Incluye un termo con media manija del club, ideal para mantener tu agua caliente durante horas. Además, el"
"94","SET PREMIUM DE SAN LORENZO","189","{""MODELO DE MATE"":""IMPERIAL DE CALABAZA""}","SETS / SETS PREMIUM","combo","C","MB-IMP-CAL + MB-BOM-PICO-LORO + MB-TER-PLA + MB-TABLA + MB-CUC-INOX","caja_regalo_set","El termo físico se identifica en la galería importada y el texto no lo contradice; la caja de regalo incluida carece de SKU.","Caja de regalo premium MateBreak: crear SKU y definir abastecimiento","🎁 ¡REGALO INCLUIDO: con la compra de TU SET MATERO, te mandamos nuestra CAJA DE REGALO PREMIUM MATEBREAK! 🤟🧉 | Incluye un termo con media manija del club, ideal para mantener tu agua caliente durante horas. Además, el"
"95","SET PREMIUM DE TALLERES","190","{""MODELO DE MATE"":""IMPERIAL DE ALGARROBO""}","SETS / SETS PREMIUM","combo","C","MB-IMP-ALG + MB-BOM-PICO-LORO + MB-TER-PLA + MB-TABLA + MB-CUC-INOX","caja_regalo_set","El termo físico se identifica en la galería importada y el texto no lo contradice; la caja de regalo incluida carece de SKU.","Caja de regalo premium MateBreak: crear SKU y definir abastecimiento","🎁 ¡REGALO INCLUIDO: con la compra de TU SET , te mandamos nuestra CAJA DE REGALO PREMIUM MATEBREAK! 🤟🧉 | Incluye un termo con media manija del club, ideal para mantener tu agua caliente durante horas. Además, el mate "
"95","SET PREMIUM DE TALLERES","191","{""MODELO DE MATE"":""IMPERIAL DE CALABAZA""}","SETS / SETS PREMIUM","combo","C","MB-IMP-CAL + MB-BOM-PICO-LORO + MB-TER-PLA + MB-TABLA + MB-CUC-INOX","caja_regalo_set","El termo físico se identifica en la galería importada y el texto no lo contradice; la caja de regalo incluida carece de SKU.","Caja de regalo premium MateBreak: crear SKU y definir abastecimiento","🎁 ¡REGALO INCLUIDO: con la compra de TU SET , te mandamos nuestra CAJA DE REGALO PREMIUM MATEBREAK! 🤟🧉 | Incluye un termo con media manija del club, ideal para mantener tu agua caliente durante horas. Además, el mate "
"96","SET PREMIUM DE VELEZ","192","{""MODELO DE MATE"":""IMPERIAL DE ALGARROBO""}","SETS / SETS PREMIUM","combo","C","MB-IMP-ALG + MB-BOM-PICO-LORO + MB-TER-PLA + MB-TABLA + MB-CUC-INOX","caja_regalo_set","El termo físico se identifica en la galería importada y el texto no lo contradice; la caja de regalo incluida carece de SKU.","Caja de regalo premium MateBreak: crear SKU y definir abastecimiento","🎁 ¡REGALO INCLUIDO: con la compra de TU SET MATERO, te mandamos nuestra CAJA DE REGALO PREMIUM MATEBREAK! 🤟🧉 | Incluye un termo con media manija del club, ideal para mantener tu agua caliente durante horas. Además, el"
"96","SET PREMIUM DE VELEZ","193","{""MODELO DE MATE"":""IMPERIAL DE CALABAZA""}","SETS / SETS PREMIUM","combo","C","MB-IMP-CAL + MB-BOM-PICO-LORO + MB-TER-PLA + MB-TABLA + MB-CUC-INOX","caja_regalo_set","El termo físico se identifica en la galería importada y el texto no lo contradice; la caja de regalo incluida carece de SKU.","Caja de regalo premium MateBreak: crear SKU y definir abastecimiento","🎁 ¡REGALO INCLUIDO: con la compra de TU SET MATERO, te mandamos nuestra CAJA DE REGALO PREMIUM MATEBREAK! 🤟🧉 | Incluye un termo con media manija del club, ideal para mantener tu agua caliente durante horas. Además, el"
"97","SET PREMIUM DEL MILLONARIO","194","{""MODELO DE MATE"":""IMPERIAL DE ALGARROBO""}","SETS / SETS PREMIUM","combo","C","MB-IMP-ALG + MB-BOM-PICO-LORO + MB-TER-PLA + MB-TABLA + MB-CUC-INOX","caja_regalo_set","El termo físico se identifica en la galería importada y el texto no lo contradice; la caja de regalo incluida carece de SKU.","Caja de regalo premium MateBreak: crear SKU y definir abastecimiento","🎁 ¡REGALO INCLUIDO: con la compra de TU SET MATERO, te mandamos nuestra CAJA DE REGALO PREMIUM MATEBREAK! 🤟🧉 | Incluye un termo con media manija del club, ideal para mantener tu agua caliente durante horas. Además, el"
"97","SET PREMIUM DEL MILLONARIO","195","{""MODELO DE MATE"":""IMPERIAL DE CALABAZA""}","SETS / SETS PREMIUM","combo","C","MB-IMP-CAL + MB-BOM-PICO-LORO + MB-TER-PLA + MB-TABLA + MB-CUC-INOX","caja_regalo_set","El termo físico se identifica en la galería importada y el texto no lo contradice; la caja de regalo incluida carece de SKU.","Caja de regalo premium MateBreak: crear SKU y definir abastecimiento","🎁 ¡REGALO INCLUIDO: con la compra de TU SET MATERO, te mandamos nuestra CAJA DE REGALO PREMIUM MATEBREAK! 🤟🧉 | Incluye un termo con media manija del club, ideal para mantener tu agua caliente durante horas. Además, el"
"98","SET PREMIUM DEL XENEIZE","196","{""MODELO DE MATE"":""IMPERIAL DE ALGARROBO""}","SETS / SETS PREMIUM","combo","C","MB-IMP-ALG + MB-BOM-PICO-LORO + MB-TER-PLA + MB-TABLA + MB-CUC-INOX","caja_regalo_set","El termo físico se identifica en la galería importada y el texto no lo contradice; la caja de regalo incluida carece de SKU.","Caja de regalo premium MateBreak: crear SKU y definir abastecimiento","🎁 ¡REGALO INCLUIDO: con la compra de TU SET, te mandamos nuestra CAJA DE REGALO PREMIUM MATEBREAK! 🤟🧉 | Incluye un termo con media manija del club, ideal para mantener tu agua caliente durante horas. Además, el mate i"
"98","SET PREMIUM DEL XENEIZE","197","{""MODELO DE MATE"":""IMPERIAL DE CALABAZA""}","SETS / SETS PREMIUM","combo","C","MB-IMP-CAL + MB-BOM-PICO-LORO + MB-TER-PLA + MB-TABLA + MB-CUC-INOX","caja_regalo_set","El termo físico se identifica en la galería importada y el texto no lo contradice; la caja de regalo incluida carece de SKU.","Caja de regalo premium MateBreak: crear SKU y definir abastecimiento","🎁 ¡REGALO INCLUIDO: con la compra de TU SET, te mandamos nuestra CAJA DE REGALO PREMIUM MATEBREAK! 🤟🧉 | Incluye un termo con media manija del club, ideal para mantener tu agua caliente durante horas. Además, el mate i"
"99","SET PREMIUM PERSONALIZADO - TU PROPIO DISEÑO","198","{""MODELO DE MATE"":""IMPERIAL DE ALGARROBO""}","SETS / SETS PREMIUM","combo","C","MB-IMP-ALG + MB-BOM-PICO-LORO + MB-TER-PLA + MB-TABLA + MB-CUC-INOX","caja_regalo_set","El termo físico se identifica en la galería importada y el texto no lo contradice; la caja de regalo incluida carece de SKU.","Caja de regalo premium MateBreak: crear SKU y definir abastecimiento","🎁 ¡REGALO INCLUIDO: con la compra de TU SET MATERO, te mandamos nuestra CAJA DE REGALO PREMIUM MATEBREAK! 🤟🧉 | Incluye un termo con media manija , ideal para mantener tu agua caliente durante horas. Además, el mate im"
"99","SET PREMIUM PERSONALIZADO - TU PROPIO DISEÑO","199","{""MODELO DE MATE"":""IMPERIAL DE CALABAZA""}","SETS / SETS PREMIUM","combo","C","MB-IMP-CAL + MB-BOM-PICO-LORO + MB-TER-PLA + MB-TABLA + MB-CUC-INOX","caja_regalo_set","El termo físico se identifica en la galería importada y el texto no lo contradice; la caja de regalo incluida carece de SKU.","Caja de regalo premium MateBreak: crear SKU y definir abastecimiento","🎁 ¡REGALO INCLUIDO: con la compra de TU SET MATERO, te mandamos nuestra CAJA DE REGALO PREMIUM MATEBREAK! 🤟🧉 | Incluye un termo con media manija , ideal para mantener tu agua caliente durante horas. Además, el mate im"
